[{"created": "2020-02-24 16:40:00", "text": "Kurde pijak.", "title": "Zazdroszc\u017c\u0119 ch\u0142opu", "link": 123}, {"created": "2020-02-25 16:40:00", "text": "A new star appeared in the sky.", "title": "The birth of the star", "link": 234}, {"created": "2020-02-26 16:40:00", "text": "Ma\u0142pa w lesie.", "title": "O \u017cesz!", "link": 345}, {"created": "2020-07-03 12:01:16", "title": "Na z\u0142e i na dobre", "text": "waluta", "link": 346}, {"created": "2020-07-03 12:01:39", "title": "jeden", "text": "s\u0142o\u0144", "link": 347}, {"created": "2020-07-03 12:04:37", "title": "Tob", "text": "twaula", "link": 348}, {"created": "2020-07-03 15:23:32", "title": "1", "text": "waluta", "link": 349}, {"created": "2020-07-03 21:00:28", "title": "Oszczerca atakuje", "text": "Kogo to interesuje", "link": 350}]